"385MDVINFCBR2KOV7L0BDDRC25MWJU","3D9FS1R54IA66WEM14PJPWDLZKR13X","Please type some random numbers!","Help generate a dataset of human-typed random numbers","random number","$0.05","Thu Jan 10 22:03:06 PST 2019","51","BatchId:3496338;OriginalHitTemplateId:928390912;","180","259200","Sun Jan 13 07:53:35 PST 2019","","","308XBLVESJ0IZP6QA1IPHAW4FEKRBW","A2YI5A68V3IKWS","Approved","Fri Jan 11 04:55:37 PST 2019","Fri Jan 11 04:58:21 PST 2019","Mon Jan 14 04:58:21 PST 2019","2019-01-11 15:53:56 UTC","","","164","100% (1/1)","100% (1/1)","100% (1/1)","125498747139915548746213215762628478876421316498794631387646513879616874471418172829639628178474951623165474981563391987421519791962651949919186132164979846532154189","553545454556674714212454677973891362419345197289726481352894736791345894342761925349434544643944634459743167943349464348464345972334719174846931720210510420454649850","4431255446426577968342132217322619730549898769845621320481448185295195213545136545174911182314195199508195192412951951951098871651919894729447956849904954293495847965"
"385MDVINFCBR2KOV7L0BDDRC25MWJU","3D9FS1R54IA66WEM14PJPWDLZKR13X","Please type some random numbers!","Help generate a dataset of human-typed random numbers","random number","$0.05","Thu Jan 10 22:03:06 PST 2019","51","BatchId:3496338;OriginalHitTemplateId:928390912;","180","259200","Sun Jan 13 07:53:35 PST 2019","","","31LVTDXBL86UCYS21E7JVDS9R8XRLI","A3U0FC89W4JUZ1","Approved","Fri Jan 11 04:45:21 PST 2019","Fri Jan 11 04:46:57 PST 2019","Mon Jan 14 04:46:57 PST 2019","2019-01-11 15:53:56 UTC","","","96","100% (1/1)","100% (1/1)","100% (1/1)","79874684354368756432135468789784564564987987564654768798784756435468798798769854564674987987982734872348731298457349857389244556344695783294857893745893724589346554329847592384759823","12132132145321254546798565523124575412124154878545421245487874989565232365548756431561947979494561613135247498789785646313616497989889889787487487454521231361646485748797984561451323245648","3294872394872398472893448234873489574589674598677589677956877896688767678966877898677898977889978578756968765649756897754677645677898457696345678623487569387456234957823984579238745963847589237"
"385MDVINFCBR2KOV7L0BDDRC25MWJU","3D9FS1R54IA66WEM14PJPWDLZKR13X","Please type some random numbers!","Help generate a dataset of human-typed random numbers","random number","$0.05","Thu Jan 10 22:03:06 PST 2019","51","BatchId:3496338;OriginalHitTemplateId:928390912;","180","259200","Sun Jan 13 07:53:35 PST 2019","","","320DUZ38G8IXSIVOII1UGU1AL9HJGA","A39SK1E6IMQBD5","Approved","Fri Jan 11 00:07:54 PST 2019","Fri Jan 11 00:10:09 PST 2019","Mon Jan 14 00:10:09 PST 2019","Fri Jan 11 07:53:56 PST 2019","","","135","100% (1/1)","100% (1/1)","100% (1/1)","1234556678899998776655443321234567889999887765543211234567899987665443222345677899987654322112334567899987654321234567899876543221246789975434567","7774664666465455344344233233133323445355664677758886999995988477663655244443434455466656777575757575858858585874763663552552637447488387728828832","8971059836208756061209865798328471098263508763487159698376105862398650763458714687026508326805716039281658076087123608756086423098156980230589189"
"385MDVINFCBR2KOV7L0BDDRC25MWJU","3D9FS1R54IA66WEM14PJPWDLZKR13X","Please type some random numbers!","Help generate a dataset of human-typed random numbers","random number","$0.05","Thu Jan 10 22:03:06 PST 2019","51","BatchId:3496338;OriginalHitTemplateId:928390912;","180","259200","Sun Jan 13 07:53:35 PST 2019","","","33IZTU6J82X1D794UMACWHSSKJQXSY","A1OAPKSCEYJC37","Approved","Fri Jan 11 04:43:20 PST 2019","Fri Jan 11 04:45:31 PST 2019","Mon Jan 14 04:45:31 PST 2019","Fri Jan 11 07:53:56 PST 2019","","","131","100% (1/1)","100% (1/1)","100% (1/1)","123354789553547453335457252637465372725272464783645162654647438363547383635228364546477882312377575643764536365360736525291016374576","1553637848466575893289191374859696086353536378389939373645641718394984746464647752423273811553637373353546737355262717263726363636666","6648252415113648845765352727155263645454738281143526647485736352272700283737937646071163633564748383837364173645657585888446464664646"
"385MDVINFCBR2KOV7L0BDDRC25MWJU","3D9FS1R54IA66WEM14PJPWDLZKR13X","Please type some random numbers!","Help generate a dataset of human-typed random numbers","random number","$0.05","Thu Jan 10 22:03:06 PST 2019","51","BatchId:3496338;OriginalHitTemplateId:928390912;","180","259200","Sun Jan 13 07:53:35 PST 2019","","","33OOO72IVIHEP9BOSQJFS934LJMCT4","AERCBIBZIEM7H","Approved","Fri Jan 11 00:57:51 PST 2019","Fri Jan 11 00:59:45 PST 2019","Mon Jan 14 00:59:45 PST 2019","2019-01-11 15:53:56 UTC","","","114","100% (2/2)","100% (2/2)","100% (2/2)","878654456533456786543345678900912190000912123312233097423456789901122452964345670975432467889976544333223456778875433456268","8348643501089475659391847557487587463578643119847586876374579847563456765176816548723658759847548754765764365678736487236487","3764763247632879468276483765879356858754685487634765837468723646832764238478937490579345873645873645786847658346578465873492"
"385MDVINFCBR2KOV7L0BDDRC25MWJU","3D9FS1R54IA66WEM14PJPWDLZKR13X","Please type some random numbers!","Help generate a dataset of human-typed random numbers","random number","$0.05","Thu Jan 10 22:03:06 PST 2019","51","BatchId:3496338;OriginalHitTemplateId:928390912;","180","259200","Sun Jan 13 07:53:35 PST 2019","","","345LHZDEDYO5CMUUZ2YO42LCYK03U8","A151ZPJYBMOHA1","Approved","Thu Jan 10 22:51:08 PST 2019","Thu Jan 10 22:53:24 PST 2019","Sun Jan 13 22:53:24 PST 2019","Fri Jan 11 07:53:57 PST 2019","","","136","100% (2/2)","100% (2/2)","100% (2/2)","87542586533699876546789887665543224578686743345789982580753370742578086436746480864243709989987654322454333459753599765534680987688765438668878799","60492928747586082745950392828405069726281039857684930209348757657578002937756372892945867589302039857767584930020499686885955959959493992020398573","76895884074289347532894768956893463672649858349853409267389067563745734280975349263957666666666582490583908769247648958484858856009594889223995869"
"385MDVINFCBR2KOV7L0BDDRC25MWJU","3D9FS1R54IA66WEM14PJPWDLZKR13X","Please type some random numbers!","Help generate a dataset of human-typed random numbers","random number","$0.05","Thu Jan 10 22:03:06 PST 2019","51","BatchId:3496338;OriginalHitTemplateId:928390912;","180","259200","Sun Jan 13 07:53:35 PST 2019","","","34YB12FSQZKNTQ19LFEMWMTRP2VGMS","AXWSV77TU4QIW","Approved","Thu Jan 10 22:07:21 PST 2019","Thu Jan 10 22:09:37 PST 2019","Sun Jan 13 22:09:37 PST 2019","Fri Jan 11 07:53:57 PST 2019","","","136","100% (1/1)","100% (1/1)","100% (1/1)","55443221112334455566767788899900998877665444322112344556566678909876543456789876543456787654345678765432345676543223456787654321234567876543212233344556654432121234345667788","13242526373737384849595505050609685757546445353434342526171781819203404059487464535353546475859590506066096857564645454647585959505050504948437347363636637474848","165545432638326237295236537853542583453498572375959753687583582352807955083524890138708498473376373676473376473637463743643543545467362782989832939232826474675573853785373"
"385MDVINFCBR2KOV7L0BDDRC25MWJU","3D9FS1R54IA66WEM14PJPWDLZKR13X","Please type some random numbers!","Help generate a dataset of human-typed random numbers","random number","$0.05","Thu Jan 10 22:03:06 PST 2019","51","BatchId:3496338;OriginalHitTemplateId:928390912;","180","259200","Sun Jan 13 07:53:35 PST 2019","","","35BLDD71I7T6AUQNPZ324PSARNIZV2","A1BWY44D5G9HBQ","Approved","Fri Jan 11 04:49:25 PST 2019","Fri Jan 11 04:51:28 PST 2019","Mon Jan 14 04:51:28 PST 2019","Fri Jan 11 07:53:57 PST 2019","","","123","100% (2/2)","100% (2/2)","100% (2/2)","55555555555555555555555555555555555555555555555555555555555555555555555555555555555555555555555555555555555555555555555555555555555555555555555555555555555555","454545445454646464891918115424114561515456151654615154646161646164616461545415124564548494161642161446151546546146461541561545461616156146156165151515161616156116","474849849849849849849848464646846846846849848467868747864868468949846894844645414124612416524165411215156415615152125616565165151561651651651614641654614"
"385MDVINFCBR2KOV7L0BDDRC25MWJU","3D9FS1R54IA66WEM14PJPWDLZKR13X","Please type some random numbers!","Help generate a dataset of human-typed random numbers","random number","$0.05","Thu Jan 10 22:03:06 PST 2019","51","BatchId:3496338;OriginalHitTemplateId:928390912;","180","259200","Sun Jan 13 07:53:35 PST 2019","","","35DR22AR5EGXTQOP479BO9KGS2OX31","A2LFM01A16YPKG","Approved","Thu Jan 10 23:45:16 PST 2019","Thu Jan 10 23:46:16 PST 2019","Sun Jan 13 23:46:16 PST 2019","Fri Jan 11 07:53:57 PST 2019","","","60","100% (2/2)","100% (2/2)","100% (2/2)","798967897879869786698798679867698767989867986778667899876986776898679876987896987786967696769786783673227827986762327828763276019877891698177891987918","3989233289838293284847747919471757957197579595798484849298492049890909090990849090832098209843290401858548541750134805180485051804808018040480841804081","1809418709484757918097857090987870948754109875805378187548098452809098509480298057454889054094857589657908298728945874892854845737889893820970543209840"
"385MDVINFCBR2KOV7L0BDDRC25MWJU","3D9FS1R54IA66WEM14PJPWDLZKR13X","Please type some random numbers!","Help generate a dataset of human-typed random numbers","random number","$0.05","Thu Jan 10 22:03:06 PST 2019","51","BatchId:3496338;OriginalHitTemplateId:928390912;","180","259200","Sun Jan 13 07:53:35 PST 2019","","","39L1G8WVWRNP3P3WXEO4T0GFNN1317","A27JY3V78RDGFY","Approved","Thu Jan 10 22:47:39 PST 2019","Thu Jan 10 22:49:23 PST 2019","Sun Jan 13 22:49:23 PST 2019","Fri Jan 11 07:53:57 PST 2019","","","104","100% (1/1)","100% (1/1)","100% (1/1)","123465797984516321124319785461324546798454613245768412365478974569331456987454787845454432649754312456798494651203467984542164654546161464945546794821","1236547896325874123654789632587412365478975421346578495461324576948946512136497542136497845461324787964513246457985283942136457894254","457984546132457984546312457894651234657849643124576987546131245798456132458794123654789874563214569874563214569874563214544789312587578185"
"385MDVINFCBR2KOV7L0BDDRC25MWJU","3D9FS1R54IA66WEM14PJPWDLZKR13X","Please type some random numbers!","Help generate a dataset of human-typed random numbers","random number","$0.05","Thu Jan 10 22:03:06 PST 2019","51","BatchId:3496338;OriginalHitTemplateId:928390912;","180","259200","Sun Jan 13 07:53:35 PST 2019","","","39ZSFO5CA9SGX0WJ2NQBK921UISJU8","A2ZPPP0XVV8C0W","Approved","Fri Jan 11 04:00:25 PST 2019","Fri Jan 11 04:02:18 PST 2019","Mon Jan 14 04:02:18 PST 2019","Fri Jan 11 07:53:57 PST 2019","","","113","100% (1/1)","100% (1/1)","100% (1/1)","12547982452255479554365478954215522666598874542266478954251264825558525959847584511236598874515523659758545422515636969695885555542541254112555668","64455975865652543431655978656565331214579895653131526567985515545477464343164697643482828287979898673734515282579676434215288797674434215252887575","57527592765279191793897815617895175579799559776695899541954158479547159145614651472651465416514541754151451652165214958418954895456412651426412485"
"385MDVINFCBR2KOV7L0BDDRC25MWJU","3D9FS1R54IA66WEM14PJPWDLZKR13X","Please type some random numbers!","Help generate a dataset of human-typed random numbers","random number","$0.05","Thu Jan 10 22:03:06 PST 2019","51","BatchId:3496338;OriginalHitTemplateId:928390912;","180","259200","Sun Jan 13 07:53:35 PST 2019","","","3A0EX8ZRN9KRWQICOWAJP6P1I05BYM","AFAMMWWI07JTE","Approved","Fri Jan 11 01:01:38 PST 2019","Fri Jan 11 01:04:11 PST 2019","Mon Jan 14 01:04:11 PST 2019","Fri Jan 11 07:53:57 PST 2019","","","153","100% (1/1)","100% (1/1)","100% (1/1)","15462581325412598741236596523145621360123654895632145698725310230123012362105984136954210239851647851","15431964324121594372154637245164324151643124516431542136987542130012346774815461349124316421346194212","18273647283904837263547103849504837283452793421641346915427316457231649572136421534258471598623789511"
"385MDVINFCBR2KOV7L0BDDRC25MWJU","3D9FS1R54IA66WEM14PJPWDLZKR13X","Please type some random numbers!","Help generate a dataset of human-typed random numbers","random number","$0.05","Thu Jan 10 22:03:06 PST 2019","51","BatchId:3496338;OriginalHitTemplateId:928390912;","180","259200","Sun Jan 13 07:53:35 PST 2019","","","3A1COHJ8NKRM8XUGBKMLC44XKYQH8D","A11BLQKVW1951L","Approved","Thu Jan 10 22:57:57 PST 2019","Thu Jan 10 23:00:29 PST 2019","Sun Jan 13 23:00:29 PST 2019","Fri Jan 11 07:53:57 PST 2019","","","152","100% (1/1)","100% (1/1)","100% (1/1)","87565789686535679887898765467890876543345321234567788754326789097645689098754321467890975434678964234324567","46483756667878756563524225263647475768679988786756545343423242637745868787877756433537578686878777767565674","88475802375802305823458376582687523543981738998498123758023465838397948798357984598347598379857398759834594"
"385MDVINFCBR2KOV7L0BDDRC25MWJU","3D9FS1R54IA66WEM14PJPWDLZKR13X","Please type some random numbers!","Help generate a dataset of human-typed random numbers","random number","$0.05","Thu Jan 10 22:03:06 PST 2019","51","BatchId:3496338;OriginalHitTemplateId:928390912;","180","259200","Sun Jan 13 07:53:35 PST 2019","","","3BC8WZX3V4S5FWNF6Y4FHP18XY4RRM","A24JKHC4HTY6CD","Approved","Thu Jan 10 22:09:07 PST 2019","Thu Jan 10 22:11:54 PST 2019","Sun Jan 13 22:11:54 PST 2019","Fri Jan 11 07:53:58 PST 2019","","","167","100% (1/1)","100% (1/1)","100% (1/1)","21315465497121321674987745654654779754654321341797965461321657987954652134979876541541812312544548882","12132187876541321321678797613215498798463541321674987976532165798461674987734132216746521234567896542","154654987872313216798461321354975432132132132131657987652164987865413121899676516316876843523215249547"
"385MDVINFCBR2KOV7L0BDDRC25MWJU","3D9FS1R54IA66WEM14PJPWDLZKR13X","Please type some random numbers!","Help generate a dataset of human-typed random numbers","random number","$0.05","Thu Jan 10 22:03:06 PST 2019","51","BatchId:3496338;OriginalHitTemplateId:928390912;","180","259200","Sun Jan 13 07:53:35 PST 2019","","","3BDCF01OGYQ39Z4OF9ZD39L6UV2YLH","A2NOWOJMZ4WNPD","Approved","Fri Jan 11 03:21:03 PST 2019","Fri Jan 11 03:22:43 PST 2019","Mon Jan 14 03:22:43 PST 2019","Fri Jan 11 07:53:58 PST 2019","","","100","100% (2/2)","100% (2/2)","100% (2/2)","777972174646187183746589302011997765543442662728033123653442628729010192838735456267278191827363536712818999877655431135123456789098765431234567890987654","193288329812974270717490274920730470171901011429075820740274755620122374826487218247843671874681823828929377474929010101299384747567382910010202837482918377","57832657384678265478167816475173465781587190203891274782657521278571868473578545721820000288962785436745438745723411721821737681237126786489964329513284214"
"385MDVINFCBR2KOV7L0BDDRC25MWJU","3D9FS1R54IA66WEM14PJPWDLZKR13X","Please type some random numbers!","Help generate a dataset of human-typed random numbers","random number","$0.05","Thu Jan 10 22:03:06 PST 2019","51","BatchId:3496338;OriginalHitTemplateId:928390912;","180","259200","Sun Jan 13 07:53:35 PST 2019","","","3BGYGHDBBYG77SP9CIADF9LS9GU22T","AXHB9NHLJG55P","Approved","Fri Jan 11 05:13:00 PST 2019","Fri Jan 11 05:15:21 PST 2019","Mon Jan 14 05:15:21 PST 2019","Fri Jan 11 07:53:58 PST 2019","","","141","100% (1/1)","100% (1/1)","100% (1/1)","55555541232323232323232526252896541235698545874521452589652145698547589654712359854123659823154678965","45214521452325412547856958585874523256325452145214521452365985632587524123658958532102548962145258745","54123652145236526589523562356985632541236523658963541236589785698541254854785632585412563255874525852"
"385MDVINFCBR2KOV7L0BDDRC25MWJU","3D9FS1R54IA66WEM14PJPWDLZKR13X","Please type some random numbers!","Help generate a dataset of human-typed random numbers","random number","$0.05","Thu Jan 10 22:03:06 PST 2019","51","BatchId:3496338;OriginalHitTemplateId:928390912;","180","259200","Sun Jan 13 07:53:35 PST 2019","","","3D4CH1LGEBP8M6IFW6AHR0N7P4R9GR","A2APQHP62R4Z5T","Approved","Thu Jan 10 22:25:58 PST 2019","Thu Jan 10 22:28:11 PST 2019","Sun Jan 13 22:28:11 PST 2019","Fri Jan 11 07:53:58 PST 2019","","","133","100% (1/1)","100% (1/1)","100% (1/1)","748394857372849503827375869785930293848576839485938483683848386028106098723456782958103958673912859321212","1958603147771539506019385719475625471068163859602918375617366970294867285970395173859703829587079284968","102938475674839201837561892398609193758671893967187439506818737823896018374892769103895871903452897980712398"
"385MDVINFCBR2KOV7L0BDDRC25MWJU","3D9FS1R54IA66WEM14PJPWDLZKR13X","Please type some random numbers!","Help generate a dataset of human-typed random numbers","random number","$0.05","Thu Jan 10 22:03:06 PST 2019","51","BatchId:3496338;OriginalHitTemplateId:928390912;","180","259200","Sun Jan 13 07:53:35 PST 2019","","","3GU1KF0O4JXXNCQBX9E0CFWPEWKPBQ","APO4DD2J9RWGP","Approved","Fri Jan 11 03:08:06 PST 2019","Fri Jan 11 03:08:48 PST 2019","Mon Jan 14 03:08:48 PST 2019","Fri Jan 11 07:53:58 PST 2019","","","42","100% (2/2)","100% (2/2)","100% (2/2)","234567876543456787654345678909876543456789098765434567890987654345678909876543456789098765456789098765434567898765434567898765434567898765456787654","7584987658498765849958675489304958765489304958675489095867548930958748390495876489304958748390495874893049587548930039485767489309485767483904958","768594095867584903495874903495874893039485749309485754930948574930349857654930948576584930948576578493094857849309485748930948574930498578493094857"
"385MDVINFCBR2KOV7L0BDDRC25MWJU","3D9FS1R54IA66WEM14PJPWDLZKR13X","Please type some random numbers!","Help generate a dataset of human-typed random numbers","random number","$0.05","Thu Jan 10 22:03:06 PST 2019","51","BatchId:3496338;OriginalHitTemplateId:928390912;","180","259200","Sun Jan 13 07:53:35 PST 2019","","","3H8DHMCCWA7PRIRFYD0YBOYQN7UDKO","A2PBFNLF653SMP","Approved","Fri Jan 11 03:37:09 PST 2019","Fri Jan 11 03:39:47 PST 2019","Mon Jan 14 03:39:47 PST 2019","Fri Jan 11 07:53:58 PST 2019","","","158","100% (1/1)","100% (1/1)","100% (1/1)","85421096537621908649157059723864548072376890351791689541762469051689535689062265292746707147899031580912707414367904367417031585285721085","739105789820245669018659392887567824990183746578292836463929018752437486978766234999567001948759560183746593221018576921849501837478299472837373837373833","12741924719471912565136564074861526120412651873651086524012576105761566170105615613765106515610561056107651650162501650176056106510610651065106190365"
"385MDVINFCBR2KOV7L0BDDRC25MWJU","3D9FS1R54IA66WEM14PJPWDLZKR13X","Please type some random numbers!","Help generate a dataset of human-typed random numbers","random number","$0.05","Thu Jan 10 22:03:06 PST 2019","51","BatchId:3496338;OriginalHitTemplateId:928390912;","180","259200","Sun Jan 13 07:53:35 PST 2019","","","3IXQG4FA2UUCVPA4GKI3QPWA9R19BC","A1FM06OX8QRPMM","Approved","Thu Jan 10 22:38:56 PST 2019","Thu Jan 10 22:41:28 PST 2019","Sun Jan 13 22:41:28 PST 2019","Fri Jan 11 07:53:58 PST 2019","","","152","100% (1/1)","100% (1/1)","100% (1/1)","1236597841295212338799113475159632145845945212365741236844566975212354577852123657445696332145587879955468547455875412365478596545448514886214582451342524342803032651","13462957525684752842452282736464270516457250204342082734659867312465976438256491527659864352167946352154335694526122306254679854609522021346725623121226454652221346442","1321549875151354684265426878654165416485679283457129384519283741592834715948714655748166754868175698971978716998871673261325156548793844526345542415326135367136281536213627915327853671836278"
"385MDVINFCBR2KOV7L0BDDRC25MWJU","3D9FS1R54IA66WEM14PJPWDLZKR13X","Please type some random numbers!","Help generate a dataset of human-typed random numbers","random number","$0.05","Thu Jan 10 22:03:06 PST 2019","51","BatchId:3496338;OriginalHitTemplateId:928390912;","180","259200","Sun Jan 13 07:53:35 PST 2019","","","3JNQLM5FT5ID8EBHMOSIU5K1FFEL2S","A34Y309C5AVRCH","Approved","Thu Jan 10 23:41:31 PST 2019","Thu Jan 10 23:43:00 PST 2019","Sun Jan 13 23:43:00 PST 2019","Fri Jan 11 07:53:58 PST 2019","","","89","100% (1/1)","100% (1/1)","100% (1/1)","99887878765445544333212323444444545566677876788899989900009998877666556656765676567765432211111221221212123455677788898900009988767654544333","7474645456467383838383746764646474848382992929383874747464747874834870456565656575748383883929292020939384874757576565656574787348383834847547575675665","764857968743265872634506234857890437508923740895782347927345692874356289743659827467896529843657842365786478562487659827436587234856823476582734695"
"385MDVINFCBR2KOV7L0BDDRC25MWJU","3D9FS1R54IA66WEM14PJPWDLZKR13X","Please type some random numbers!","Help generate a dataset of human-typed random numbers","random number","$0.05","Thu Jan 10 22:03:06 PST 2019","51","BatchId:3496338;OriginalHitTemplateId:928390912;","180","259200","Sun Jan 13 07:53:35 PST 2019","","","3KB8R4ZV1F3RAZXCUQODI6IXD3QGB2","A1A4F9XE3IQ6M0","Approved","Thu Jan 10 22:04:11 PST 2019","Thu Jan 10 22:06:25 PST 2019","Sun Jan 13 22:06:25 PST 2019","Fri Jan 11 07:53:58 PST 2019","","","134","100% (1/1)","100% (1/1)","100% (1/1)","45673243456464536456786879896432454363457367437347834809235788543465788534324678967543245678654233567","37384758638120918475686967473892816919218437574832836757438381298173654894391272983495475658282673463","29374590871634987162349871263984761293875601932847560293476591823764019823740917236498172634987126343"
"385MDVINFCBR2KOV7L0BDDRC25MWJU","3D9FS1R54IA66WEM14PJPWDLZKR13X","Please type some random numbers!","Help generate a dataset of human-typed random numbers","random number","$0.05","Thu Jan 10 22:03:06 PST 2019","51","BatchId:3496338;OriginalHitTemplateId:928390912;","180","259200","Sun Jan 13 07:53:35 PST 2019","","","3LQ8PUHQFMOFX36TK6YCPTYBNTNIHC","A9HLSN75PCMIA","Approved","Thu Jan 10 22:03:40 PST 2019","Thu Jan 10 22:05:11 PST 2019","Sun Jan 13 22:05:11 PST 2019","Fri Jan 11 07:53:59 PST 2019","","","91","100% (1/1)","100% (1/1)","100% (1/1)","14585248963258963258963258963258963258963258963258963258525874125874125842696321478632147896321486521478632147896321486214789632148963245862148652148521485214521478521","27564325796328145638275465327549638254956832549854369583469527365957236987514256498412469857256298452436294852701456498452470145694857204126749845463270152456815452714","658739085576253478946048473652788990473625785896900758407362547825960873625590654873625259603726559604768439545736284903726459403726248983706282956048030726495064073645960007"
"385MDVINFCBR2KOV7L0BDDRC25MWJU","3D9FS1R54IA66WEM14PJPWDLZKR13X","Please type some random numbers!","Help generate a dataset of human-typed random numbers","random number","$0.05","Thu Jan 10 22:03:06 PST 2019","51","BatchId:3496338;OriginalHitTemplateId:928390912;","180","259200","Sun Jan 13 07:53:35 PST 2019","","","3M23Y66PO33OUSP8TZ1MW4F8NERS6X","AXBSLVNPA5KIF","Approved","Fri Jan 11 00:12:10 PST 2019","Fri Jan 11 00:14:01 PST 2019","Mon Jan 14 00:14:01 PST 2019","Fri Jan 11 07:53:59 PST 2019","","","111","100% (1/1)","100% (1/1)","100% (1/1)","455476155488733264456574456512123545987445221114452542256211152522318225455854554585221122544452214525151455211541414485595652123214522145467788576677567878575336678889997655544","3846574839302039384765647483992020293847465656474738382929020203847466477338289220947456473829202093847655656564747747438838383922992290010101092834756565656474774474738383883","5569383689237482365398740129380734839563894732894765937439265982374238659832749398264923729430248920384757038497489749749637862437489327493748927984789374987297398738478923742893744"
"385MDVINFCBR2KOV7L0BDDRC25MWJU","3D9FS1R54IA66WEM14PJPWDLZKR13X","Please type some random numbers!","Help generate a dataset of human-typed random numbers","random number","$0.05","Thu Jan 10 22:03:06 PST 2019","51","BatchId:3496338;OriginalHitTemplateId:928390912;","180","259200","Sun Jan 13 07:53:35 PST 2019","","","3M68NM076I3CTDPVEA1H6UAC1CP6R4","A2LN3NOZPE1WXD","Approved","Fri Jan 11 02:18:06 PST 2019","Fri Jan 11 02:20:11 PST 2019","Mon Jan 14 02:20:11 PST 2019","Fri Jan 11 07:53:59 PST 2019","","","125","100% (1/1)","100% (1/1)","100% (1/1)","1374006543222233455667788990009887675631212343532213445677898897765543322111223344566785321345678999766543321111233455677885432111122344567889999889","657483920201019374646553671910103263515119193049567676655323151637348559606077775635241334116273849507885745355163758697970896453424232331211231325354","65871632174987476487268765347581375891273498730194873566103747747638756139001043610236185761075812387542163407816047860186234012864108264218334621036"
"385MDVINFCBR2KOV7L0BDDRC25MWJU","3D9FS1R54IA66WEM14PJPWDLZKR13X","Please type some random numbers!","Help generate a dataset of human-typed random numbers","random number","$0.05","Thu Jan 10 22:03:06 PST 2019","51","BatchId:3496338;OriginalHitTemplateId:928390912;","180","259200","Sun Jan 13 07:53:35 PST 2019","","","3MHW492WW196BNR4AAD8WNW1CJOVM5","A2NVOKL45Z9C2C","Approved","Fri Jan 11 03:05:23 PST 2019","Fri Jan 11 03:06:28 PST 2019","Mon Jan 14 03:06:28 PST 2019","Fri Jan 11 07:53:59 PST 2019","","","65","100% (2/2)","100% (2/2)","100% (2/2)","34564456556765456787654567898765467876556787654567876545678765456789876543456734567876543456787654567887654567898765456789987654345678987654567","8594586758495867584909586758490495867548390495867489094587674839458765483909485743890394587674839458764839049587483909458748390458748930945874894","04958675849034875849857898758756758493876478398756478394876789304987637489878573485575558357375385735897395827589562202745245743543735873295739"
"385MDVINFCBR2KOV7L0BDDRC25MWJU","3D9FS1R54IA66WEM14PJPWDLZKR13X","Please type some random numbers!","Help generate a dataset of human-typed random numbers","random number","$0.05","Thu Jan 10 22:03:06 PST 2019","51","BatchId:3496338;OriginalHitTemplateId:928390912;","180","259200","Sun Jan 13 07:53:35 PST 2019","","","3OJSZ2ATDTS6SQ520DT6975C45Q57U","A3D4GJ8JF9S25","Approved","Thu Jan 10 22:33:53 PST 2019","Thu Jan 10 22:35:26 PST 2019","Sun Jan 13 22:35:26 PST 2019","Fri Jan 11 07:53:59 PST 2019","","","93","100% (2/2)","100% (2/2)","100% (2/2)","45362783446465657586969505093828171166273738394949050595968676686868696967070707979788776768686969707077995857464645555555555555555555555555333367","6464474774364545456465757575756545464647474757858585959575674645353525253637437484859595985756454546478595902929187172727717181818111111111111111111","09427983758327490573894759237405823709572394752837459827309458723984570982347523759072349058723098457029387458923745972394587329847593274592378587"
"385MDVINFCBR2KOV7L0BDDRC25MWJU","3D9FS1R54IA66WEM14PJPWDLZKR13X","Please type some random numbers!","Help generate a dataset of human-typed random numbers","random number","$0.05","Thu Jan 10 22:03:06 PST 2019","51","BatchId:3496338;OriginalHitTemplateId:928390912;","180","259200","Sun Jan 13 07:53:35 PST 2019","","","3OLF68YTNAXGDPWPDSIZ5AYFU9HFAP","A2BSCZH467MKIF","Approved","Fri Jan 11 08:04:51 PST 2019","Fri Jan 11 08:06:12 PST 2019","Mon Jan 14 08:06:12 PST 2019","Fri Jan 11 08:26:42 PST 2019","","","81","100% (1/1)","100% (1/1)","100% (1/1)","322458651247895632114578956321554786654123355888963214569877133223321554789563211455896322114456687966332114457866321225899631214533215456","12345487624324215543342156322131364987542313155487964331224584976334215587964334215777964343111554634321551887965335215517897643245156","312245878653245488752142433161554897653242155465353664897653324124151589868342324362288973321313558934321231655178793533122155873352125843"
"385MDVINFCBR2KOV7L0BDDRC25MWJU","3D9FS1R54IA66WEM14PJPWDLZKR13X","Please type some random numbers!","Help generate a dataset of human-typed random numbers","random number","$0.05","Thu Jan 10 22:03:06 PST 2019","51","BatchId:3496338;OriginalHitTemplateId:928390912;","180","259200","Sun Jan 13 07:53:35 PST 2019","","","3P4RDNWND62BO91J861X16EQ0LRIJH","A222KTYWRUKWDS","Approved","Thu Jan 10 22:03:44 PST 2019","Thu Jan 10 22:05:57 PST 2019","Sun Jan 13 22:05:57 PST 2019","Fri Jan 11 07:53:59 PST 2019","","","133","100% (1/1)","100% (1/1)","100% (1/1)","8145828618976268957942997885127919891253026932561201289600589610149697863202050698504813985802104616896252325741002485613005149675814315058896562136654142787954268621001456123596542502015689653105986114","0673249809837013605846735632804607402702520560845400508146324255084325402502096065358046098049427401496098905610927404305801214230401056098427412460906045210690280740512120541560060941272749618070745673","8549056748920785984814904242672621774910274266126461027207420704561015601474610361024810584818074975940762061594071046178804988971416417847805482575080754981615102079849727023107768049861341234040987320"
"385MDVINFCBR2KOV7L0BDDRC25MWJU","3D9FS1R54IA66WEM14PJPWDLZKR13X","Please type some random numbers!","Help generate a dataset of human-typed random numbers","random number","$0.05","Thu Jan 10 22:03:06 PST 2019","51","BatchId:3496338;OriginalHitTemplateId:928390912;","180","259200","Sun Jan 13 07:53:35 PST 2019","","","3PEIJLRY6UPUKOQDERKDT6VDQV0XWP","A382YEQGYXU3N6","Rejected","Fri Jan 11 02:04:47 PST 2019","Fri Jan 11 02:07:07 PST 2019","Mon Jan 14 02:07:07 PST 2019","","Fri Jan 11 07:53:35 PST 2019","Numbers can not be in scientific notation, because then you loose all but the first few numbers.","140","50% (1/2)","50% (1/2)","50% (1/2)","3.654654351651351e+102","6516565545592168565262632665659673162626586235322655965966875287523213466456232134656956873563216643523268985623631634652323565695465754516326625454898985675649845","930824545766349875672319472866345435656475786954453254325667535431132468745679805623498050532498563245890235481725813250897322645893275983253982453240988562398516285691348591235861432985632470563214856324895"
"385MDVINFCBR2KOV7L0BDDRC25MWJU","3D9FS1R54IA66WEM14PJPWDLZKR13X","Please type some random numbers!","Help generate a dataset of human-typed random numbers","random number","$0.05","Thu Jan 10 22:03:06 PST 2019","51","BatchId:3496338;OriginalHitTemplateId:928390912;","180","259200","Sun Jan 13 07:53:35 PST 2019","","","3Q5C1WP23NXSH4Q0BXCX8XEZ1KT512","A2XQJU301LKY39","Approved","Fri Jan 11 03:11:10 PST 2019","Fri Jan 11 03:13:19 PST 2019","Mon Jan 14 03:13:19 PST 2019","Fri Jan 11 07:53:59 PST 2019","","","129","100% (1/1)","100% (1/1)","100% (1/1)","154431594656346116564196652419623464629265423256166234235199635231226962065331660635342251666323242451566522425619662324561626342516652341","45245625285874421152224455241488866324147477554141224852474852218855448852258574411255554485555455566389878787855445555555555555489999887865","36745365484389375237458435438758943758974892775984657548924019238473471823573923490123453781203498738329937477839290129838387473829920128374"
"385MDVINFCBR2KOV7L0BDDRC25MWJU","3D9FS1R54IA66WEM14PJPWDLZKR13X","Please type some random numbers!","Help generate a dataset of human-typed random numbers","random number","$0.05","Thu Jan 10 22:03:06 PST 2019","51","BatchId:3496338;OriginalHitTemplateId:928390912;","180","259200","Sun Jan 13 07:53:35 PST 2019","","","3Q8GYXHFEQYC470YRU1HPTXQ5G6C5J","A2RXN5IRWSKIBX","Approved","Fri Jan 11 01:37:45 PST 2019","Fri Jan 11 01:40:06 PST 2019","Mon Jan 14 01:40:06 PST 2019","Fri Jan 11 07:53:59 PST 2019","","","141","100% (1/1)","100% (1/1)","100% (1/1)","69854059293875945076290604593858721738559845949593938458485894696945969348583858238294905848568485845","643761984576134561495134679465451256987514250369402569874512603265698745120369874515236525478120365454","859403928574637284958378483746210592854736475869305938578264579605948374857683958374635264729583726275"
"385MDVINFCBR2KOV7L0BDDRC25MWJU","3D9FS1R54IA66WEM14PJPWDLZKR13X","Please type some random numbers!","Help generate a dataset of human-typed random numbers","random number","$0.05","Thu Jan 10 22:03:06 PST 2019","51","BatchId:3496338;OriginalHitTemplateId:928390912;","180","259200","Sun Jan 13 07:53:35 PST 2019","","","3QAVNHZ3EN02DH6LZ3LX0N3ZR2RLAI","AYFD78FXIRIZS","Approved","Thu Jan 10 22:05:33 PST 2019","Thu Jan 10 22:07:04 PST 2019","Sun Jan 13 22:07:04 PST 2019","Fri Jan 11 07:54:00 PST 2019","","","91","100% (1/1)","100% (1/1)","100% (1/1)","444554897889123221848786511121878798666332115588787878787898656211212332355862144752222368411122487897879456114785522232148449421212124445554475222233698412585214752112233226666666666545478","347362812919028475657392010299383474723612561545141425364756876909890093827165282912028937854654637328129101037763635125628393904956906956983482372621651252627383484959595959696976878768568","83247892348356874658743567845647836473920180124939473895783958456456345689347891479087390238790123812938029183902138901238029138290138902138109029382983456563746375128357281310010934098459782345"
"385MDVINFCBR2KOV7L0BDDRC25MWJU","3D9FS1R54IA66WEM14PJPWDLZKR13X","Please type some random numbers!","Help generate a dataset of human-typed random numbers","random number","$0.05","Thu Jan 10 22:03:06 PST 2019","51","BatchId:3496338;OriginalHitTemplateId:928390912;","180","259200","Sun Jan 13 07:53:35 PST 2019","","","3QILPRALQ6REITGREIHYHO1T6AA8NO","A3RXUD4BU9W94Y","Approved","Fri Jan 11 00:15:54 PST 2019","Fri Jan 11 00:18:29 PST 2019","Mon Jan 14 00:18:29 PST 2019","Fri Jan 11 07:54:00 PST 2019","","","155","100% (1/1)","100% (1/1)","100% (1/1)","10322254785427985100324563258796313795258301232365879456332101223654788874565898563230012254278956544123202547852032545698752025635225643544545487232569825741233698822215569874220123458798822","768590403737393392030744748393228264476586987089798768765754635343231618739869474352628395906960760585476454534254376438495496070790798687574645343434647896987079687657465443434353654768987881","6546154165445661456144604466440644645460464464645161466321546565466454066554468976894765471651821323243204474865776548760879387948787887794587495687798764521475566475667765567465476776566475517"
"385MDVINFCBR2KOV7L0BDDRC25MWJU","3D9FS1R54IA66WEM14PJPWDLZKR13X","Please type some random numbers!","Help generate a dataset of human-typed random numbers","random number","$0.05","Thu Jan 10 22:03:06 PST 2019","51","BatchId:3496338;OriginalHitTemplateId:928390912;","180","259200","Sun Jan 13 07:53:35 PST 2019","","","3RRCEFRB7N8BYJ4SZPMC9HLUNZKB4F","A12RU0V9GCCNAF","Approved","Thu Jan 10 22:20:51 PST 2019","Thu Jan 10 22:23:31 PST 2019","Sun Jan 13 22:23:31 PST 2019","Fri Jan 11 07:54:00 PST 2019","","","160","100% (2/2)","100% (2/2)","100% (2/2)","54689656799422345679099733423579990086542222323534869764245332649853246897578865432467997654324689802277777777732724867886575757667777765","748464625969716927566668492957794026141344756748597894735414364769674860784735264697967361595632432594357892475802758792582527852705705","894589625781476343278472905940460865725624680634564137086543785613486713063478340137691487056314076194723972359279385728958747894792758285"
"385MDVINFCBR2KOV7L0BDDRC25MWJU","3D9FS1R54IA66WEM14PJPWDLZKR13X","Please type some random numbers!","Help generate a dataset of human-typed random numbers","random number","$0.05","Thu Jan 10 22:03:06 PST 2019","51","BatchId:3496338;OriginalHitTemplateId:928390912;","180","259200","Sun Jan 13 07:53:35 PST 2019","","","3RRCEFRB7N8BYJ4SZPMC9HLUNZL4B9","A317RA15E0SZ4P","Approved","Thu Jan 10 22:25:04 PST 2019","Thu Jan 10 22:27:58 PST 2019","Sun Jan 13 22:27:58 PST 2019","Fri Jan 11 07:54:01 PST 2019","","","174","100% (1/1)","100% (1/1)","100% (1/1)","56451388451876484076154876484575484678487678487648458345187678467846567519837549867846587646597846468464678761378495389751358784659784689704689791388794689764689794686795686494688487359495864086754976888648765878864678467","42452555546464686894646494613868645468978764578794649797946467979497979494979794646564646864313861515538545535848537846784846895946894946894946864948897646448765689","43513517375153313175137813781357212616451579154948154846484579919467946794979461585454915176132646264846564516884629762689455648567916485648754694616497646254946165979461659791613564548564548562649465686189318831861831869991839198161886186886198648861886187318731873187318831873107318731073107318761873"
"385MDVINFCBR2KOV7L0BDDRC25MWJU","3D9FS1R54IA66WEM14PJPWDLZKR13X","Please type some random numbers!","Help generate a dataset of human-typed random numbers","random number","$0.05","Thu Jan 10 22:03:06 PST 2019","51","BatchId:3496338;OriginalHitTemplateId:928390912;","180","259200","Sun Jan 13 07:53:35 PST 2019","","","3SBEHTYCWOZ1JYWIU620BTTEDQ5IYI","A234QKV52N964W","Approved","Thu Jan 10 22:38:21 PST 2019","Thu Jan 10 22:40:59 PST 2019","Sun Jan 13 22:40:59 PST 2019","Fri Jan 11 07:54:01 PST 2019","","","158","100% (1/1)","100% (1/1)","100% (1/1)","4353243456765453217890987655432344324566777888990000098876665544443332212334456677889900897654433322212334456778899098876765544443433222112234567788","123456789012345678901234567890154735238587635245481234548974987463542823098752435232564874982364563891276795091235467599601234567845323457653424485","12374876562348610940123746534123645756487645374859234569874623459087361459876650948757463923475876483134598345723484985768834509813450984357345945"
"385MDVINFCBR2KOV7L0BDDRC25MWJU","3D9FS1R54IA66WEM14PJPWDLZKR13X","Please type some random numbers!","Help generate a dataset of human-typed random numbers","random number","$0.05","Thu Jan 10 22:03:06 PST 2019","51","BatchId:3496338;OriginalHitTemplateId:928390912;","180","259200","Sun Jan 13 07:53:35 PST 2019","","","3SNLUL3WO5JMSQKJ582O0OFTY6MLUZ","A2B1YSMEHN1G2K","Approved","Thu Jan 10 22:24:54 PST 2019","Thu Jan 10 22:26:10 PST 2019","Sun Jan 13 22:26:10 PST 2019","Fri Jan 11 07:54:01 PST 2019","","","76","100% (1/1)","100% (1/1)","100% (1/1)","13546813515684965135168613548789798789453134164545748945154861231685465123165465103218416512341156115616515615619615649874165189165118616518541651651815641984165156489","16093416402472610452193861703540789126402612408916716204360213746612833773739274674839286743658783726748271565385994662351892367464782846548272517864","47890479840327498236542364890624365238901654640897568439758436580934650680946353680568439658620489360630548903638409563056083496890265082365092654639021"
"385MDVINFCBR2KOV7L0BDDRC25MWJU","3D9FS1R54IA66WEM14PJPWDLZKR13X","Please type some random numbers!","Help generate a dataset of human-typed random numbers","random number","$0.05","Thu Jan 10 22:03:06 PST 2019","51","BatchId:3496338;OriginalHitTemplateId:928390912;","180","259200","Sun Jan 13 07:53:35 PST 2019","","","3STRJBFXOXNW87NCK30DGSGCQS7KT1","A2O918DE32Y71I","Approved","Fri Jan 11 02:28:59 PST 2019","Fri Jan 11 02:30:23 PST 2019","Mon Jan 14 02:30:23 PST 2019","Fri Jan 11 07:54:01 PST 2019","","","84","100% (1/1)","100% (1/1)","100% (1/1)","576586587876876986796787865756435324214235435546576587658768678796898797807890890890909089899990989887078078967867865757457576757657658679870886645135453547658758679780876886566445354454","4783056467091234876548594753869520968574632145678456734953783920183748585885073632042850473098604385945305703975032","326594349308609787409058694306758937593854209746503675407987305508432958430835656804237940273542964268305832548643738"
"385MDVINFCBR2KOV7L0BDDRC25MWJU","3D9FS1R54IA66WEM14PJPWDLZKR13X","Please type some random numbers!","Help generate a dataset of human-typed random numbers","random number","$0.05","Thu Jan 10 22:03:06 PST 2019","51","BatchId:3496338;OriginalHitTemplateId:928390912;","180","259200","Sun Jan 13 07:53:35 PST 2019","","","3T111IHZ5FMZBWRTCH4TQ41ERDDR9G","AL18PX0MPLANX","Approved","Thu Jan 10 23:44:03 PST 2019","Thu Jan 10 23:46:17 PST 2019","Sun Jan 13 23:46:17 PST 2019","Fri Jan 11 07:54:01 PST 2019","","","134","100% (1/1)","100% (1/1)","100% (1/1)","65454332134567890098765433224356567211234565767890096433465777888887533332224678899900098876543322113457688888999987766543334567788888888543456789090975433","95986887783458435780870870997009732587829359832569986000072578038576983250907007707708235000057835762538632508327509325721074017420921874027583965480988920","15879143687981678093512096651901657687435698749832747835829865783457836826598238932734728848238583212372846348659376287832892365984352329893587673747348788"
"385MDVINFCBR2KOV7L0BDDRC25MWJU","3D9FS1R54IA66WEM14PJPWDLZKR13X","Please type some random numbers!","Help generate a dataset of human-typed random numbers","random number","$0.05","Thu Jan 10 22:03:06 PST 2019","51","BatchId:3496338;OriginalHitTemplateId:928390912;","180","259200","Sun Jan 13 07:53:35 PST 2019","","","3VA45EW49OJEPEWIGC8WH3EQIES1OV","AL81NLI4J5BWV","Approved","Thu Jan 10 22:12:07 PST 2019","Thu Jan 10 22:14:32 PST 2019","Sun Jan 13 22:14:32 PST 2019","Fri Jan 11 07:54:01 PST 2019","","","145","100% (1/1)","100% (1/1)","100% (1/1)","30568313689823764318690864365789143579087634689123456089754321345756856809123345678988887654321234567","329495920249486869430221309496869434578643991109384757584930202093495768483011039494969696843209148482","58071087808709438790247825875875875687875267898347562908453679870767858792605897587598705978059780579"
"385MDVINFCBR2KOV7L0BDDRC25MWJU","3D9FS1R54IA66WEM14PJPWDLZKR13X","Please type some random numbers!","Help generate a dataset of human-typed random numbers","random number","$0.05","Thu Jan 10 22:03:06 PST 2019","51","BatchId:3496338;OriginalHitTemplateId:928390912;","180","259200","Sun Jan 13 07:53:35 PST 2019","","","3VHP9MDGROG464TNX6EQB5O3UA7FCS","A3JEM05G181BNU","Approved","Thu Jan 10 23:59:56 PST 2019","Fri Jan 11 00:01:22 PST 2019","Mon Jan 14 00:01:22 PST 2019","Fri Jan 11 07:54:01 PST 2019","","","86","100% (2/2)","100% (2/2)","100% (2/2)","45690853221236800975321145790096543246890080894113534578754790752135689909765432123589096421233421123278757323569979084224685212345787323689742137864321245","262383039564529305745352850685634244769870795643543232426476897980683524323235465768780807864534242534758679704783524323345454656567568930202937678594937","3498549845721398752409592374237964529872364891238024565983462376423976123541237649857094586254096580458459659874385738732498735427834567324509834755873645024503423976"
"385MDVINFCBR2KOV7L0BDDRC25MWJU","3D9FS1R54IA66WEM14PJPWDLZKR13X","Please type some random numbers!","Help generate a dataset of human-typed random numbers","random number","$0.05","Thu Jan 10 22:03:06 PST 2019","51","BatchId:3496338;OriginalHitTemplateId:928390912;","180","259200","Sun Jan 13 07:53:35 PST 2019","","","3VZLGYJEYM6YEJVIPE4KSAPV7YTZX8","A2W7Y3TZ9YI8HO","Approved","Fri Jan 11 05:14:21 PST 2019","Fri Jan 11 05:16:56 PST 2019","Mon Jan 14 05:16:56 PST 2019","Fri Jan 11 07:54:01 PST 2019","","","155","100% (2/2)","100% (2/2)","100% (2/2)","858585394934294859249394859384938492039485764573920948574839202094885768599904828104985829405094995884995848838476885904098288858942031120293939","9394003848585765894039485577484949020309948575664848940349485757493903847758484739475848493038493039484757584948484884885858849839292939339477547","8485930201922983484757578484859595737575767839230303049484858575757382102022039339848488585859594950605958575774647484849394998848448844844848272"
"385MDVINFCBR2KOV7L0BDDRC25MWJU","3D9FS1R54IA66WEM14PJPWDLZKR13X","Please type some random numbers!","Help generate a dataset of human-typed random numbers","random number","$0.05","Thu Jan 10 22:03:06 PST 2019","51","BatchId:3496338;OriginalHitTemplateId:928390912;","180","259200","Sun Jan 13 07:53:35 PST 2019","","","3WYGZ5XF3XBVT7AXV3VN6NKQO8TSKI","A1PVTQNQ3GMMQS","Approved","Thu Jan 10 22:05:21 PST 2019","Thu Jan 10 22:06:46 PST 2019","Sun Jan 13 22:06:46 PST 2019","Fri Jan 11 07:54:01 PST 2019","","","85","100% (1/1)","100% (1/1)","100% (1/1)","23644466332456788764334456665433455667775543223345567542113566778888889987655775432566789909766545433222345665434556677888654454321234567654323456544567655666","734656673829284738392929484765657388292938747656778383929293847466564738829292923938884743889202029393874347566564473383847646547477466473383837446465463377336","123897412389741982347236752657826319082374981325876217836109348193741908327419236817236899087389638716387638763876887623847268746247527478236482374678236482623"
"385MDVINFCBR2KOV7L0BDDRC25MWJU","3D9FS1R54IA66WEM14PJPWDLZKR13X","Please type some random numbers!","Help generate a dataset of human-typed random numbers","random number","$0.05","Thu Jan 10 22:03:06 PST 2019","51","BatchId:3496338;OriginalHitTemplateId:928390912;","180","259200","Sun Jan 13 07:53:35 PST 2019","","","3X66WABAJXEM74TZFX970NKLPCKG3K","A1HZO9Y1PN3RKA","Approved","Thu Jan 10 22:51:44 PST 2019","Thu Jan 10 22:52:51 PST 2019","Sun Jan 13 22:52:51 PST 2019","Fri Jan 11 07:54:02 PST 2019","","","67","100% (1/1)","100% (1/1)","100% (1/1)","656546546161665415616486515616486416516213164886515616841516451351256415615521452123563214565123211223366662212332152322112145621451231316513156131","515615616515615651332165156131321315698474979878745665413131313546849648964948464641665165164164615654196849846494984984984988948964896469848646464","4846564648979794564353464118894987874654898646541321348696741561864897894651535689646541564651684865168416564516451894561332164161516488461518964864531"
"385MDVINFCBR2KOV7L0BDDRC25MWJU","3D9FS1R54IA66WEM14PJPWDLZKR13X","Please type some random numbers!","Help generate a dataset of human-typed random numbers","random number","$0.05","Thu Jan 10 22:03:06 PST 2019","51","BatchId:3496338;OriginalHitTemplateId:928390912;","180","259200","Sun Jan 13 07:53:35 PST 2019","","","3XXU1SWE8NRPGLHZAAZE23BBO5J0AT","A2KKM3AQ4YKGZ6","Approved","Thu Jan 10 22:16:35 PST 2019","Thu Jan 10 22:17:39 PST 2019","Sun Jan 13 22:17:39 PST 2019","Fri Jan 11 07:54:02 PST 2019","","","64","100% (1/1)","100% (1/1)","100% (1/1)","123456788909887766544311345667889990098876654432212334567889009876543321234567899009876554433212345676778878890990099877665544333222123424","646454648382837467483927374947372837548397482929893039839238743892384743829384743829834748392847548392834783923847548392384754839238478392384","0147364854681316856785076457601576547605706547064764517645457654170760706143576035571307634376476013706457064537645745417054704574176704340671456710"
"385MDVINFCBR2KOV7L0BDDRC25MWJU","3D9FS1R54IA66WEM14PJPWDLZKR13X","Please type some random numbers!","Help generate a dataset of human-typed random numbers","random number","$0.05","Thu Jan 10 22:03:06 PST 2019","51","BatchId:3496338;OriginalHitTemplateId:928390912;","180","259200","Sun Jan 13 07:53:35 PST 2019","","","3XXU1SWE8NRPGLHZAAZE23BBO5KA04","A30X918233ZL02","Approved","Thu Jan 10 22:26:22 PST 2019","Thu Jan 10 22:28:27 PST 2019","Sun Jan 13 22:28:27 PST 2019","Fri Jan 11 07:54:02 PST 2019","","","125","100% (1/1)","100% (1/1)","100% (1/1)","29951445221255111445885521126655447789887411221111144455111444523322123553665322566789542244546843244535214564","858299385768392949657382999596473729394950687757583905069382829204901101033949102848471399495722711849599697979939","574873485937459807876875894759878947897986458476487598347598475984759847698698578475987458474985748975984759847598475987459"
"385MDVINFCBR2KOV7L0BDDRC25MWJU","3D9FS1R54IA66WEM14PJPWDLZKR13X","Please type some random numbers!","Help generate a dataset of human-typed random numbers","random number","$0.05","Thu Jan 10 22:03:06 PST 2019","51","BatchId:3496338;OriginalHitTemplateId:928390912;","180","259200","Sun Jan 13 07:53:35 PST 2019","","","3YW4XOSQKRH92JGFCYK5G96F00GU11","A1V17TVCBFTK3F","Approved","Thu Jan 10 22:18:27 PST 2019","Thu Jan 10 22:20:09 PST 2019","Sun Jan 13 22:20:09 PST 2019","Fri Jan 11 07:54:02 PST 2019","","","102","100% (2/2)","100% (2/2)","100% (2/2)","67565956565678678765678987654321234567890987656789098765456789098765456789876456789876544567899876543456789876543456789876543456789876543456789876543456789876544567898765434567","767866754446565657652123456789876544678876434567899009887642123456787653223456788765421123456789888765432112233445678998765432467765432345677777542112345678789","52768756958754345233957695313415436254763587469857096975622412456565679767342134548705456421242657698705672341246578697678673342375876767673543469766535569879"
"385MDVINFCBR2KOV7L0BDDRC25MWJU","3D9FS1R54IA66WEM14PJPWDLZKR13X","Please type some random numbers!","Help generate a dataset of human-typed random numbers","random number","$0.05","Thu Jan 10 22:03:06 PST 2019","51","BatchId:3496338;OriginalHitTemplateId:928390912;","180","259200","Sun Jan 13 07:53:35 PST 2019","","","3Z4XG4ZF49NJUNUVGO47FQSR8OFX8S","A2UIRQTM2V9F7V","Approved","Thu Jan 10 23:38:53 PST 2019","Thu Jan 10 23:40:11 PST 2019","Sun Jan 13 23:40:11 PST 2019","Fri Jan 11 07:54:02 PST 2019","","","78","100% (1/1)","100% (1/1)","100% (1/1)","6151651651551164878455154798855565898989562292299225188818185161848468515186184787871222698741251554741258412515","214154548545410415487451298874512051894797451165897841687416589484456152185519748151561561561516198745164894512115","2135487894561534198468512318978135168484514778522369852365915959487523215492544565465465655649845515451512157875124878411"
"385MDVINFCBR2KOV7L0BDDRC25MWJU","3D9FS1R54IA66WEM14PJPWDLZKR13X","Please type some random numbers!","Help generate a dataset of human-typed random numbers","random number","$0.05","Thu Jan 10 22:03:06 PST 2019","51","BatchId:3496338;OriginalHitTemplateId:928390912;","180","259200","Sun Jan 13 07:53:35 PST 2019","","","3ZOTGHDK5J7EJYVCTVNGD41Z8FFSOI","A169WOY6V57WGX","Approved","Fri Jan 11 03:46:51 PST 2019","Fri Jan 11 03:48:18 PST 2019","Mon Jan 14 03:48:18 PST 2019","Fri Jan 11 07:54:02 PST 2019","","","87","100% (2/2)","100% (2/2)","100% (2/2)","8585858584774858843698578438943623578408753134688654346788765333222123456789099876654332223345667788888876655443322123467556564656556666666554333345","8484747474747474747474747474747474747474747474747474747474747474747474747447474747474747474747474747474747474747474747474747474747474747474","70434778409347374312874380124730843743704327089432178094132780943278094327809432784321789412387493012743890247384738473127413028943718094387904327189"
"385MDVINFCBR2KOV7L0BDDRC25MWJU","3D9FS1R54IA66WEM14PJPWDLZKR13X","Please type some random numbers!","Help generate a dataset of human-typed random numbers","random number","$0.05","Thu Jan 10 22:03:06 PST 2019","51","BatchId:3496338;OriginalHitTemplateId:928390912;","180","259200","Sun Jan 13 07:53:35 PST 2019","","","3ZQIG0FLQFC2GZLIECJV5LYSAL1WVW","A8DWTH31EYL13","Approved","Fri Jan 11 02:55:15 PST 2019","Fri Jan 11 02:57:41 PST 2019","Mon Jan 14 02:57:41 PST 2019","Fri Jan 11 07:54:02 PST 2019","","","146","100% (1/1)","100% (1/1)","100% (1/1)","56254586655522025655452265585226655866556565565588554558656220220012255632205566698856522336522155223366522233225556655545566655522555665552221545552236522012251125445566226652226556655522665252512635123652266522223365226522665542","76133465465434316060364166434316466534316665343461653256461131366535522636134365621245656231316646552226626542431316265524213621626956421321326512626262626616241266452163061522316612230061645211362154216226162","65626635465432451324651465465163516241654646513215621354351651351315132132135163512651320065165056132065303510351035106531352165321354163516532163521321365216531232132165341653216321321321123163213"